{"C_356": 3057663.9736208147, "C_356_err": 3702.746040753418, "C_81": 2633851.5119475094, "C_81_err": 4341.680605055819, "C_79": 218365.99723918978, "C_79_err": 1816.0800922575627, "O_Ba133": 0.9328093386956348, "O_Ba133_err": 0.001909186034733165}