{"C_356": 3056333.9222390787, "C_356_err": 3943.0294355160613, "C_81": 2632699.2160927095, "C_81_err": 4134.031778858787, "C_79": 217000.87991581613, "C_79_err": 1713.2204518431022, "O_Ba133": 0.932391606582316, "O_Ba133_err": 0.001894921173515821}