{"C_356": 2728108.8950903416, "C_356_err": 2611.3577016906956, "C_81": 2073564.0580264623, "C_81_err": 5144.127109390275, "C_79": 173552.73578825733, "C_79_err": 2020.9319274866816, "O_Ba133": 0.8236902851857408, "O_Ba133_err": 0.0021739109041826383}