{"C_356": 928817.559723332, "C_356_err": 2324.725709704039, "C_81": 550288.8497288846, "C_81_err": 1317.5200567037054, "C_79": 45298.00032336001, "C_79_err": 503.7828115089363, "O_Ba133": 0.6412312556081011, "O_Ba133_err": 0.0022095489314758613}