{"C_356": 30050472.20687744, "C_356_err": 7990.190571835469, "C_81": 22849879.334129345, "C_81_err": 51642.793021884725, "C_79": 1905919.4264294615, "C_79_err": 20155.453429643727, "O_Ba133": 0.8238073129144746, "O_Ba133_err": 0.0018577429159425212}