{"C_356": 15652058.949859546, "C_356_err": 5987.878104834191, "C_81": 10155929.824062848, "C_81_err": 30093.17322183112, "C_79": 859866.6747713226, "C_79_err": 12271.315653443622, "O_Ba133": 0.7037921677986665, "O_Ba133_err": 0.00209372350359046}