{"C_356": 1420184.832604057, "C_356_err": 1910.98380230173, "C_81": 919904.195221439, "C_81_err": 2898.355236460122, "C_79": 78315.82268111971, "C_79_err": 1198.378977077488, "O_Ba133": 0.7028803540115396, "O_Ba133_err": 0.0024024008515770097}