{"C_356": 1025606.0549854856, "C_356_err": 3431.240504815805, "C_81": 847038.0728397787, "C_81_err": 1547.1497390528339, "C_79": 69311.8784504726, "C_79_err": 577.3424408594582, "O_Ba133": 0.8934716666656375, "O_Ba133_err": 0.0033952461246161162}