{"C_356": 16400039.272036413, "C_356_err": 6123.758410059089, "C_81": 14735556.991304982, "C_81_err": 27992.85699095002, "C_79": 1220985.9419997365, "C_79_err": 10855.909855742837, "O_Ba133": 0.9729576050779406, "O_Ba133_err": 0.0018664373913806931}