{"C_356": 893641.7650723823, "C_356_err": 2198.678781419271, "C_81": 496740.8216556116, "C_81_err": 1736.3698400628175, "C_79": 41378.906003126875, "C_79_err": 685.130452141933, "O_Ba133": 0.6021649263619102, "O_Ba133_err": 0.0025608795855345525}