{"C_356": 925986.3862378197, "C_356_err": 2399.9235764429336, "C_81": 567075.8602551407, "C_81_err": 1104.5131415119743, "C_79": 46514.94226045923, "C_79_err": 428.8453983406468, "O_Ba133": 0.6626347985617278, "O_Ba133_err": 0.0021416462415142913}