{"C_356": 926380.832796774, "C_356_err": 1344.2156621390877, "C_81": 564401.9212112547, "C_81_err": 1633.947992206466, "C_79": 46694.44655833667, "C_79_err": 709.3095377638997, "O_Ba133": 0.6596599866219937, "O_Ba133_err": 0.002147897191785653}