{"C_356": 993538.5195815836, "C_356_err": 1411.0307288143147, "C_81": 741144.413597824, "C_81_err": 2213.6345666123634, "C_79": 59431.97810679935, "C_79_err": 908.7139548261647, "O_Ba133": 0.8057829424084898, "O_Ba133_err": 0.002666507370209413}