{"C_356": 959019.1921320911, "C_356_err": 2744.8642321339657, "C_81": 648371.4530532685, "C_81_err": 1746.0783504721344, "C_79": 53123.100625407365, "C_79_err": 667.544725266071, "O_Ba133": 0.7314708187634008, "O_Ba133_err": 0.002860512190107086}