{"C_356": 16400176.142023707, "C_356_err": 5966.568069255636, "C_81": 14434043.448635986, "C_81_err": 30143.37853985168, "C_79": 1200444.1796645925, "C_79_err": 11759.585162892252, "O_Ba133": 0.9533121774368549, "O_Ba133_err": 0.002003159031665439}