{"C_356": 1010486.1289569814, "C_356_err": 1332.1086301803496, "C_81": 656863.5700162185, "C_81_err": 2085.382449786581, "C_79": 55374.90845052327, "C_79_err": 920.6703012257642, "O_Ba133": 0.7048473581739422, "O_Ba133_err": 0.002439786123413405}