{"C_356": 962471.0287384912, "C_356_err": 2694.8118203762206, "C_81": 628848.5356579289, "C_81_err": 1783.7821957467063, "C_79": 51405.9168062153, "C_79_err": 672.1371280292044, "O_Ba133": 0.7067791467507882, "O_Ba133_err": 0.0027997495445517364}