{"C_356": 959427.7257676299, "C_356_err": 1369.2745954051845, "C_81": 646167.428209462, "C_81_err": 1648.294846909735, "C_79": 54030.276344693186, "C_79_err": 715.2845281137345, "O_Ba133": 0.7298076611179158, "O_Ba133_err": 0.002142940699114658}