{"C_356": 1026146.3833975274, "C_356_err": 1524.6505220657502, "C_81": 844836.7346183059, "C_81_err": 2166.9234066695753, "C_79": 67418.54529686965, "C_79_err": 874.7955419111718, "O_Ba133": 0.8890108610963836, "O_Ba133_err": 0.00263264997267492}