{"C_356": 1032295.2836762301, "C_356_err": 3446.0069504011467, "C_81": 819534.9541625166, "C_81_err": 1587.2462927734114, "C_79": 66385.36682410332, "C_79_err": 585.7926653917363, "O_Ba133": 0.8582043674864649, "O_Ba133_err": 0.0033005459893333585}