{"C_356": 996753.0948467784, "C_356_err": 3191.6716962048977, "C_81": 717815.3972769228, "C_81_err": 1396.4227675389957, "C_79": 57780.61964685533, "C_79_err": 517.7753028004367, "O_Ba133": 0.7781225069012735, "O_Ba133_err": 0.002905278045035669}