{"C_356": 1010214.3676527365, "C_356_err": 1253.0878847048816, "C_81": 655781.7520208213, "C_81_err": 2564.914509434039, "C_79": 53576.42413304498, "C_79_err": 1088.9184835101908, "O_Ba133": 0.702185792310677, "O_Ba133_err": 0.0028925690204915293}