{"C_356": 1045206.1522314807, "C_356_err": 3644.771633355661, "C_81": 962863.4132477498, "C_81_err": 2480.1341751736077, "C_79": 78378.30629787435, "C_79_err": 912.9574357187455, "O_Ba133": 0.9962070327682317, "O_Ba133_err": 0.0042966804316441}