{"C_356": 716943.3993029739, "C_356_err": 1287.5713117582754, "C_81": 217972.478093672, "C_81_err": 936.4313433982444, "C_79": 18962.441023221178, "C_79_err": 398.81383704743314, "O_Ba133": 0.3304792531003784, "O_Ba133_err": 0.0015387353379923859}