{"C_356": 1010182.4511781981, "C_356_err": 1729.1164864256561, "C_81": 657621.9809635463, "C_81_err": 1985.901822938121, "C_79": 53274.51875366284, "C_79_err": 833.3859046379714, "O_Ba133": 0.7037307952519615, "O_Ba133_err": 0.002448731110295246}