{"C_356": 861938.3262199837, "C_356_err": 1885.9578016461512, "C_81": 433514.98853070743, "C_81_err": 1437.8911430966327, "C_79": 36410.79838228886, "C_79_err": 575.7440274719874, "O_Ba133": 0.5451965327656887, "O_Ba133_err": 0.0021568800053332416}