{"C_356": 993039.6023536047, "C_356_err": 3242.069479895141, "C_81": 742341.2101556307, "C_81_err": 1492.8516324922937, "C_79": 61641.32203849307, "C_79_err": 568.3454794688408, "O_Ba133": 0.8096177939818348, "O_Ba133_err": 0.0030942219311252245}