{"C_356": 1066988.8857423954, "C_356_err": 3868.8493453329306, "C_81": 936244.7910580429, "C_81_err": 2310.7206856045677, "C_79": 76301.30167605892, "C_79_err": 846.5191538333509, "O_Ba133": 0.9489752951171435, "O_Ba133_err": 0.004142404742462542}