{"C_356": 984402.425745807, "C_356_err": 1501.8669768892835, "C_81": 712031.2842970276, "C_81_err": 1938.6627877305943, "C_79": 58318.77547216848, "C_79_err": 814.8440410594927, "O_Ba133": 0.782556035643208, "O_Ba133_err": 0.0024472588280235632}