{"C_356": 1045933.3017941636, "C_356_err": 1448.0987834513235, "C_81": 962133.041276625, "C_81_err": 2986.0961088685744, "C_79": 77355.41567292751, "C_79_err": 1204.4157954643947, "O_Ba133": 0.9938381875464183, "O_Ba133_err": 0.0033719568965206365}