{"C_356": 689284.8532424845, "C_356_err": 1342.5845530669558, "C_81": 196224.8346226114, "C_81_err": 1055.8991481085893, "C_79": 16999.088067535573, "C_79_err": 460.0388067365036, "O_Ba133": 0.3093407923982578, "O_Ba133_err": 0.0017762691736559898}