{"C_356": 1010519.9010756137, "C_356_err": 1285.542279083195, "C_81": 656863.5700162185, "C_81_err": 2085.382449786581, "C_79": 55374.90845052327, "C_79_err": 920.6703012257642, "O_Ba133": 0.7048238017961087, "O_Ba133_err": 0.0024275091490493306}