{"C_356": 14205235.094269471, "C_356_err": 6292.803071378701, "C_81": 9217232.112223772, "C_81_err": 26202.691103704605, "C_79": 781514.0048760272, "C_79_err": 10752.706981186175, "O_Ba133": 0.7038775529405628, "O_Ba133_err": 0.002018088405831838}