{"C_356": 689425.4653624012, "C_356_err": 1386.6223917346024, "C_81": 195093.1679185791, "C_81_err": 958.5100657716077, "C_79": 16346.457146619576, "C_79_err": 456.558987095064, "O_Ba133": 0.30668960705426507, "O_Ba133_err": 0.0016589088625075488}