{"C_356": 1093682.0726890499, "C_356_err": 4171.865060309941, "C_81": 1062409.4769391383, "C_81_err": 2519.3493672951518, "C_79": 84485.392193793, "C_79_err": 903.8509862517924, "O_Ba133": 1.0486547213058421, "O_Ba133_err": 0.004689368909440872}