{"C_356": 862034.0647986385, "C_356_err": 1265.5316189633884, "C_81": 431682.7730652468, "C_81_err": 1421.1048333927818, "C_79": 35821.023119265665, "C_79_err": 631.1875849934951, "O_Ba133": 0.5423263595664473, "O_Ba133_err": 0.0019717342414245355}