{"C_356": 896298.5864262113, "C_356_err": 2355.4673713045777, "C_81": 481588.78031678015, "C_81_err": 1318.1876185217745, "C_79": 40419.16808612668, "C_79_err": 516.0702469513185, "O_Ba133": 0.5824040741649453, "O_Ba133_err": 0.0021993366158068904}