{"C_356": 1094273.9053356405, "C_356_err": 1456.7733780273522, "C_81": 1063191.3942555394, "C_81_err": 2884.238902369956, "C_79": 84606.69979823128, "C_79_err": 1137.8681358020353, "O_Ba133": 1.0489129718410977, "O_Ba133_err": 0.003158855243037296}