{"C_356": 1041588.0486386007, "C_356_err": 1692.4178085855256, "C_81": 920099.6573793733, "C_81_err": 2563.4004313528685, "C_79": 74671.77144286144, "C_79_err": 1061.9641668854238, "O_Ba133": 0.9550526526513459, "O_Ba133_err": 0.0030829197238154706}