{"C_356": 893993.3468841428, "C_356_err": 1377.12587375033, "C_81": 493852.1765792832, "C_81_err": 1652.7641953643372, "C_79": 40728.62655739254, "C_79_err": 717.9800676568914, "O_Ba133": 0.5979695542476501, "O_Ba133_err": 0.0022161491839705508}