{"C_356": 1093696.775095842, "C_356_err": 4180.845859751585, "C_81": 1062300.5029516828, "C_81_err": 2274.317040995516, "C_79": 84760.18513663103, "C_79_err": 817.2256881440941, "O_Ba133": 1.048792237672819, "O_Ba133_err": 0.004577789948665958}