{"C_356": 14205216.144951185, "C_356_err": 6334.298304390462, "C_81": 9217232.112223772, "C_81_err": 26202.691103704605, "C_79": 781514.0048760272, "C_79_err": 10752.706981186175, "O_Ba133": 0.7038784918914135, "O_Ba133_err": 0.0020184098727638487}