{"C_356": 984443.9639889023, "C_356_err": 1553.8041342761387, "C_81": 712031.2842970276, "C_81_err": 1938.6627877305943, "C_79": 58318.77547216848, "C_79_err": 814.8440410594927, "O_Ba133": 0.7825230159853774, "O_Ba133_err": 0.002467534416074662}