{"C_356": 324410.087578819, "C_356_err": 2021.792094403852, "C_356_2": 324749.4246076276, "C_356_2_err": 2343.2108401995497, "C_356_average": 324579.75609322335, "C_356_average_err": 1547.4398465386785, "C_81": 234287.2758373738, "C_81_err": 1544.8672707148448, "C_79": 20300.60697547181, "C_79_err": 668.7499124444263, "O_Ba133": 0.7847717828780237, "O_Ba133_err": 0.007130741401452154, "O_Ba133_av": 0.7843615568548422, "O_Ba133_av_err": 0.006397273270914023}