{"m": 15.959057904295218, "m_err": 0.015146429562153025, "c": 4.807952747890163, "c_err": 4.986285826752438}